{
  "vgg": {
    "train": {
      "acc": [0.15289150178432465, 0.1655597686767578, 0.23147836327552795, 0.2987648844718933, 0.3532840311527252, 0.39785096049308777, 0.42840149998664856, 0.4468388855457306, 0.46668383479118347, 0.48260343074798584, 0.49408218264579773, 0.5042921304702759, 0.516444981098175, 0.5304216742515564, 0.5362105965614319, 0.5449931621551514, 0.5514561533927917, 0.5593664050102234, 0.5682083964347839, 0.5738387703895569, 0.5791122317314148, 0.5849011540412903, 0.5894609689712524, 0.5962808132171631, 0.6008802652359009, 0.6065898537635803, 0.612874448299408, 0.6142622232437134, 0.6197736263275146, 0.6260977983474731, 0.632124662399292, 0.6334925889968872, 0.6396780610084534, 0.6463194489479065, 0.6466168165206909, 0.6517118811607361, 0.6569655537605286, 0.6719731688499451, 0.6745702624320984, 0.6774250864982605, 0.6758589148521423, 0.6775440573692322, 0.6822426319122314, 0.6828572154045105, 0.6808350086212158, 0.6844432353973389, 0.6806367635726929, 0.6823021173477173, 0.6820245385169983, 0.6827382445335388],
      "loss": [1.9907087087631226, 1.939218282699585, 1.8790265321731567, 1.7628477811813354, 1.6688059568405151, 1.5884782075881958, 1.5188169479370117, 1.4698503017425537, 1.424566388130188, 1.3861404657363892, 1.3558138608932495, 1.327772617340088, 1.2964833974838257, 1.2630423307418823, 1.2439137697219849, 1.2222371101379395, 1.2066084146499634, 1.1820251941680908, 1.1617680788040161, 1.1461577415466309, 1.1364556550979614, 1.1163231134414673, 1.1066553592681885, 1.0853660106658936, 1.0721827745437622, 1.0600626468658447, 1.046449899673462, 1.0352752208709717, 1.0237839221954346, 1.0073847770690918, 0.9944525957107544, 0.9891766309738159, 0.9769783020019531, 0.96287602186203, 0.9556047916412354, 0.9424219727516174, 0.9284902215003967, 0.8934446573257446, 0.8834735155105591, 0.8738952875137329, 0.8753645420074463, 0.8749440908432007, 0.8692715167999268, 0.8656959533691406, 0.8674320578575134, 0.860351026058197, 0.8658076524734497, 0.8652401566505432, 0.8620513081550598, 0.861322820186615]
    },
    "test": {
      "acc": [0.2493024617433548, 0.2458147257566452, 0.2299107164144516, 0.3295200765132904, 0.3748604953289032, 0.3839285671710968, 0.4380580484867096, 0.4545200765132904, 0.4633091390132904, 0.4690290093421936, 0.4811663031578064, 0.4690290093421936, 0.4811663031578064, 0.4838169515132904, 0.51171875, 0.5053013563156128, 0.5184151530265808, 0.5006975531578064, 0.5185546875, 0.5168805718421936, 0.5272042155265808, 0.5182756781578064, 0.5252510905265808, 0.5241350531578064, 0.5415736436843872, 0.53125, 0.5502232313156128, 0.5357142686843872, 0.5502232313156128, 0.5446428656578064, 0.5386439561843872, 0.5521763563156128, 0.55078125, 0.5544084906578064, 0.5500836968421936, 0.5479910969734192, 0.5485491156578064, 0.5601283311843872, 0.5616629719734192, 0.5623604655265808, 0.5604073405265808, 0.5570591688156128, 0.560546875, 0.5591517686843872, 0.5616629719734192, 0.5623604655265808, 0.5611048936843872, 0.5590122938156128, 0.5584542155265808, 0.564453125],
      "loss": [1.9426281452178955, 1.943771481513977, 1.9047914743423462, 1.7192516326904297, 1.6358158588409424, 1.6432331800460815, 1.4759595394134521, 1.4628509283065796, 1.4017831087112427, 1.3813287019729614, 1.3607717752456665, 1.4146636724472046, 1.3479808568954468, 1.3558603525161743, 1.2897173166275024, 1.3010286092758179, 1.2857348918914795, 1.3193193674087524, 1.2784258127212524, 1.2694480419158936, 1.257879376411438, 1.2764121294021606, 1.2695461511611938, 1.2712446451187134, 1.239542841911316, 1.2312597036361694, 1.2184945344924927, 1.2302653789520264, 1.2149089574813843, 1.2394134998321533, 1.2423549890518188, 1.217624545097351, 1.2104480266571045, 1.2148252725601196, 1.2109986543655396, 1.2286360263824463, 1.2233588695526123, 1.1974982023239136, 1.1877477169036865, 1.195305585861206, 1.1934900283813477, 1.19927179813385, 1.1961357593536377, 1.1915217638015747, 1.1865873336791992, 1.191019892692566, 1.1936107873916626, 1.1934272050857544, 1.188451886177063, 1.1883426904678345]
    },
    "train_ft": {
      "acc": [0.5545687079429626, 0.6257211565971375, 0.6576991081237793, 0.6818461418151855, 0.7050415277481079, 0.729981541633606, 0.7508177757263184, 0.8189370036125183, 0.836402952671051, 0.8482980132102966, 0.8505184054374695],
      "loss": [1.1988191604614258, 1.0155478715896606, 0.9261610507965088, 0.8617357611656189, 0.8013989329338074, 0.742698073387146, 0.6880835294723511, 0.5132149457931519, 0.46322304010391235, 0.4266081750392914, 0.4205763339996338]
    },
    "test_ft": {
      "acc": [0.5666852593421936, 0.5796595811843872, 0.5931919813156128, 0.5959821343421936, 0.6163504719734192, 0.6212332844734192, 0.6275111436843872, 0.6488560438156128, 0.6496930718421936, 0.6520647406578064, 0.6535993218421936],
      "loss": [1.1319464445114136, 1.1218479871749878, 1.0985150337219238, 1.0988080501556396, 1.0413806438446045, 1.0570268630981445, 1.070792555809021, 1.0576633214950562, 1.0566608905792236, 1.0797221660614014, 1.0850825309753418]
    }
  },
  "mobNet": {
    "train": {
      "acc": [0.1677207052707672, 0.18140004575252533, 0.1963680386543274, 0.21290220320224762, 0.22170457243919373, 0.22737455368041992, 0.23324279487133026, 0.23556233942508698, 0.2341151088476181, 0.24121250212192535, 0.23778276145458221, 0.24402767419815063, 0.2491227388381958, 0.24684284627437592],
      "loss": [2.127120018005371, 1.92889404296875, 1.9163991212844849, 1.9054325819015503, 1.8953999280929565, 1.887082815170288, 1.882368803024292, 1.8776715993881226, 1.874284029006958, 1.8718324899673462, 1.8679174184799194, 1.8663359880447388, 1.862014889717102, 1.8605748414993286]
    },
    "test": {
      "acc": [0.19921875, 0.1771763414144516, 0.1796875, 0.2049386203289032, 0.2212611585855484, 0.1957310289144516, 0.2311662882566452, 0.2433035671710968, 0.1831752210855484, 0.2424665242433548, 0.2293526828289032, 0.2145647257566452, 0.2375837117433548, 0.2289341539144516],
      "loss": [1.9033201932907104, 1.945791244506836, 1.9122980833053589, 1.8975919485092163, 1.8677526712417603, 1.8911106586456299, 1.8724392652511597, 1.846961259841919, 1.9098358154296875, 1.8513091802597046, 1.8543996810913086, 1.8874181509017944, 1.8596538305282593, 1.8617422580718994]
    },
    "train_ft": {
      "acc": [0.23744572699069977, 0.3177177309989929, 0.3539382517337799, 0.3855791985988617, 0.4183303117752075, 0.4464622139930725, 0.4680716097354889, 0.48950257897377014, 0.5107948184013367, 0.5280426740646362, 0.5455284118652344, 0.5550048351287842, 0.571876049041748, 0.5818084478378296, 0.5961023569107056, 0.6070855259895325, 0.6140441298484802, 0.6284173727035522, 0.6344640254974365, 0.6447136402130127, 0.6579766273498535, 0.6601573824882507, 0.6636862754821777, 0.6646973490715027, 0.6687020659446716, 0.6673142910003662, 0.6731428503990173, 0.6691580414772034],
      "loss": [1.8830960988998413, 1.7247190475463867, 1.643808126449585, 1.572379469871521, 1.498597502708435, 1.4384379386901855, 1.3842486143112183, 1.332062005996704, 1.2843210697174072, 1.2464216947555542, 1.2006056308746338, 1.1759997606277466, 1.1315786838531494, 1.1068419218063354, 1.076910376548767, 1.0435400009155273, 1.0271908044815063, 0.9968231916427612, 0.9720044732093811, 0.956527590751648, 0.9147583246231079, 0.9040977954864502, 0.897620439529419, 0.8912327885627747, 0.8858156800270081, 0.8833938837051392, 0.8797805905342102, 0.8834879398345947]
    },